emp_id,emp_first_name,emp_last_name,emp_hire_date,emp_salary,emp_email,emp_bank_acct_no,emp_gender,emp_lang,emp_ssn,emp_address
972,Troy,Gray,1978-02-01,210000,gbarrett@yahoo.com,IWNY14957837920230,M,quz_PE,174-52-6796,"4186 Ware Villages Suite 688Andersonstad, FL 04931"
591,Kayla,Greer,2015-01-18,135000,laurieswanson@burns.org,JHVK06045519312782,M,shs_CA,461-18-6609,"PSC 3453, Box 5968APO AA 90471"
800,Molly,Brown,1998-11-24,40000,qmiller@gmail.com,XZCK98591136594361,M,ta_IN,325-07-9496,"482 Hicks SpursColonside, UT 74074"
271,Rachel,Elliott,1970-03-12,220000,lewisrichard@hotmail.com,AZGF12517411242599,Other,et_EE,076-66-0900,USNS MasonFPO AE 09808
787,Lindsey,Gonzales,2010-06-19,110000,joemaxwell@austin.info,XUAY28838752546786,F,si_LK,301-48-2870,Unit 2789 Box 1460DPO AA 73476
886,Melissa,Nelson,2013-03-11,110000,wrighttimothy@hotmail.com,USYC06708027304692,M,el_CY,278-25-4584,"0515 Rebecca Fork Apt. 121Port Chelsea, AR 08800"
982,David,Thompson,1971-08-24,45000,onealchristian@lopez.com,QEON92396141839809,Other,ht_HT,558-19-2768,"0826 Phyllis MissionEast Nathaniel, KS 79358"
809,Michael,Salazar,1995-08-05,115000,gutierrezashley@hotmail.com,YEEO62280925001724,M,kok_IN,842-87-3623,"0601 Allen ViewSouth Jacobton, IN 39711"
674,Cameron,Johnson,2006-05-19,235000,burtoncourtney@mclaughlin.com,PQGQ54577055746564,F,sd_PK,693-69-5984,"31387 Kyle IslandsNorth Amyborough, IL 07069"
254,Barbara,Hanson,2002-10-22,245000,antonio81@valentine.org,PVGY29117618488084,F,quz_PE,180-71-8504,"778 Sanders Flat Suite 172Jenniferland, ID 50569"
856,Brandon,Parrish,1979-04-08,170000,qsnyder@yahoo.com,DFSK05091802215371,M,fr_CH,778-48-4172,"268 Randy Corners Suite 821Ingramstad, IL 40169"
304,Jacob,Macias,1988-11-07,85000,melanie11@smith.com,MLTD03073507306097,F,lo_LA,093-83-9940,"639 Clifford StreetsNew Brendaville, AS 17941"
386,Luis,Adams,1992-05-28,155000,ralvarez@floyd.org,NEFD96167332028821,Other,ka_GE,417-46-7901,"3563 Marshall Squares Apt. 262South Dianeland, ME 92777"
653,Aaron,Ray,2011-04-02,70000,samanthavazquez@galvan.biz,SRRJ30868170425339,M,kk_KZ,657-93-9028,"07132 Navarro Points Apt. 581New Mike, GU 07794"
82,David,Kelley,2000-04-24,70000,paulabarnes@yahoo.com,FXVD84154978250037,M,cs_CZ,422-70-7430,"668 Sarah Light Apt. 229Mendozaview, AR 21298"
110,Rhonda,Mclean,1995-03-19,135000,rodriguezkristopher@hanna-hampton.org,PYKM18689453628256,Other,kl_GL,239-93-6964,"PSC 0104, Box 8740APO AA 93387"
231,Mary,Jones,2011-05-12,110000,barbermatthew@mcgee-reyes.com,HRWY55386121060122,M,ss_ZA,767-41-1745,"4308 Jordan Plains Suite 828South Kimberlyland, WI 58705"
118,Linda,Little,2017-09-30,110000,ldorsey@hotmail.com,OTHH92161154630041,F,aa_DJ,170-94-6282,"597 Hayes Expressway Apt. 053Davisborough, GA 65448"
980,Julia,Friedman,2014-09-28,100000,anthony41@miller.org,UOVV38044748417449,Other,bs_BA,372-97-6363,"35354 Donna ParkwayNew Jackson, NH 74553"
729,John,Harper,1992-01-07,185000,amanda30@hotmail.com,FAZE83812447488307,F,mr_IN,602-08-0613,"00706 Mary GatewayWest Michaelside, ID 17902"
784,Veronica,Alvarado,1987-03-09,150000,gary92@reese.com,PLIC73241228262180,Other,hi_IN,584-20-6304,"69486 Chelsea Place Apt. 666North April, DC 31434"
682,Brandy,Buchanan,2014-01-10,70000,eortega@cooper-jordan.com,KXVA35876758398762,Other,mni_IN,450-43-8396,"907 Timothy Lodge Apt. 443Lake Taylor, AK 02490"
957,David,Hanson,1986-02-05,115000,brownshari@foster.org,GPOH05926877231080,M,zu_ZA,333-77-2089,"99352 Marsh LodgePetersonborough, OH 10855"
917,Melissa,Lynn,2015-12-24,75000,adamthomas@ellis-robinson.biz,GXEX19675350164037,F,bem_ZM,044-72-1125,"PSC 8267, Box 1348APO AA 27806"
618,Whitney,Hubbard,1996-05-07,125000,williammartin@yahoo.com,RFVN74667684697318,F,vi_VN,065-74-7708,"55578 Alexander Shore Apt. 275Marioview, WY 75648"
157,Michelle,Lopez,2017-04-15,120000,jacquelinewalker@thornton-stewart.com,BYIF62861873385162,F,bn_BD,624-15-8749,"065 Melendez Prairie Suite 072Santosview, AK 71442"
971,Thomas,Boyd,2003-08-28,210000,kevinhickman@yahoo.com,MCVI09003596403273,F,sv_FI,404-81-7572,"88783 Bridget Knolls Suite 261West Jamesville, NJ 54064"
47,Brittany,Hernandez,2010-08-22,220000,joseph88@martin.info,OFWV72765057806270,Other,as_IN,058-63-5565,"03110 Jeffery CrescentSouth Diane, NH 50043"
744,Robert,Elliott,2015-02-19,205000,nashley@miranda-miller.com,WLGY90587036483402,M,sat_IN,448-43-3673,"305 Hill Estate Apt. 280Port Kellymouth, OH 40272"
686,Christopher,Vasquez,2020-01-09,45000,daymichelle@moody.com,JDSF83664694572966,Other,bho_IN,036-63-0528,"1327 Kimberly ForksPort Benjamin, RI 85687"
123,Stephanie,Phillips,1992-07-07,80000,teresarobertson@gmail.com,VFUX37596201864612,F,gv_GB,558-80-4017,"21803 Scott LaneClarkton, AR 30838"
369,Kristen,Chavez,2011-12-20,170000,williamsamy@williams-henson.com,LKJG10780666908391,F,te_IN,851-81-4205,"8639 Stanton Hill Apt. 278Rachelport, MD 37236"
867,Anthony,Cooley,2002-09-25,95000,stephaniejohnson@davis.com,ZCGE54986592453770,Other,nds_DE,315-85-6145,"38346 Tony Parkway Apt. 680East Steven, VI 55030"
691,Ryan,Mccullough,1996-09-06,105000,stacey63@bell.biz,DLGZ43971123583135,M,dv_MV,710-56-2534,Unit 0311 Box 7074DPO AP 12616
371,Stacy,Brown,2000-11-23,155000,ydalton@stephens.com,RSZR48046484710732,F,pt_BR,687-11-2564,"795 Kristen MallNorth Jamie, MO 41922"
651,Kyle,Joseph,1970-01-13,130000,karen79@carpenter-campbell.com,BAMQ21024605244507,M,fy_DE,786-34-9567,"3615 Sullivan MountainsPort Christopher, NY 71697"
533,Melissa,Terry,2009-08-04,140000,waltonpatricia@hotmail.com,STSU63501226302921,F,ik_CA,514-31-6113,USNS CarterFPO AP 60660
766,Kyle,Rodriguez,1977-09-23,70000,pturner@yahoo.com,HNKO22069173835878,M,es_CL,155-84-6379,"1266 Moore MountainSingletonland, NC 07025"
349,Eric,Craig,2014-03-28,220000,samantha83@rubio.com,CKGD68094163349040,M,dv_MV,587-76-9911,"95185 William CapeNew Amyport, VI 61592"
466,Jeffrey,Evans,1982-01-18,195000,ovaldez@tucker.com,VWHN05144766127881,F,aa_ER,031-90-6585,"12774 Hughes Valleys Apt. 226South Brianmouth, MD 58723"
293,Anthony,Mccullough,2003-01-10,245000,silvarobert@rogers.org,CMMW44962922275718,Other,om_KE,683-50-3089,"0241 Craig Island Apt. 727Laurenville, PA 36079"
692,Katherine,Knight,2013-03-06,135000,scottmichael@ball.com,RPYD83039404859796,M,am_ET,089-63-1135,"66521 Bryan PathRogersburgh, NV 72922"
144,Robert,Warren,1984-02-04,75000,dawnmiller@gmail.com,FYFX88596449365727,F,niu_NU,357-16-2523,"717 Hansen ViaHernandezchester, PA 20563"
90,Stephanie,Rogers,2003-06-16,215000,lhurst@yahoo.com,VAFL46591028129220,Other,nn_NO,676-06-9533,"23715 Sandra Oval Suite 645Clarenceport, WY 83604"
507,Allison,Thomas,2007-04-24,135000,todd39@salazar.com,TYOX91076354759898,M,wo_SN,445-06-9363,"08150 Smith Shores Apt. 495Matthewfurt, MI 00923"
286,Gary,Villa,1982-11-19,250000,courtney36@yahoo.com,AKWD28912147572922,Other,cv_RU,673-31-1319,"436 Kimberly Gateway Suite 305Owenshire, GA 51434"
607,Katherine,Franco,1976-06-25,175000,swallace@yahoo.com,MUJO48290349235995,F,eo_US,787-34-5261,Unit 4798 Box 4066DPO AP 57512
21,Cynthia,Cannon,1977-09-19,95000,cindybrown@jimenez.com,TQKC24463866645232,M,az_AZ,605-42-6166,"45272 Cynthia PortsChristinaside, NV 51910"
958,Valerie,Hill,1975-09-15,180000,emack@yahoo.com,GAPX80561423672257,M,aa_DJ,227-10-8261,"9863 Robert PathNew Brian, MN 36245"
171,Crystal,Perkins,1980-05-10,235000,sholmes@hunter.org,AXPI14181045430074,Other,lzh_TW,054-27-9690,USNV SimmonsFPO AE 98747
422,Randall,Myers,2022-02-19,110000,keith25@hotmail.com,KXDC90817462577934,M,af_ZA,771-55-9607,"8539 Johnson Keys Suite 429Candaceville, OK 53773"
567,Jennifer,Miller,1985-02-25,125000,lori04@yahoo.com,DSUA38052540856620,F,sid_ET,141-71-2017,Unit 0304 Box 8203DPO AA 32461
709,John,Davis,1984-01-02,100000,charles07@gmail.com,PFWJ00246380230752,F,uz_UZ,198-22-6700,"70126 Roberts Plaza Suite 409Jonesshire, KY 62275"
906,Amy,Moran,1977-07-12,205000,romerostanley@hotmail.com,ONYU32856978915630,F,shs_CA,384-40-8019,"05118 Kimberly FlatsSusanton, WA 28666"
55,Barbara,Turner,1988-06-16,110000,erichall@jones.com,BCFO42163923170868,M,el_CY,066-29-5909,"91791 Ronald Avenue Suite 449Andreachester, KS 57232"
3,Dana,Estes,1988-05-08,110000,victorhuang@williams-graham.com,LRXY49173963181220,Other,eu_FR,223-10-3917,"48868 Charles HavenKayleeview, VT 30586"
982,Elizabeth,Hill,2022-12-27,210000,tuckerbrandon@hotmail.com,LJCF58023387794912,M,eo_US,187-71-0375,"9165 Sandoval Parks Suite 967Heatherberg, MS 82905"
910,Faith,Arnold,2003-02-25,240000,dmoore@gmail.com,WLEK72684215491054,Other,quz_PE,136-25-2405,"055 Amber Crossroad Apt. 079Estesside, MA 19855"
851,Craig,Lewis,2019-07-20,105000,paul72@porter.com,AMLO77165604222960,F,mg_MG,620-81-0936,"89808 Murphy CanyonLake Arthur, FL 41289"
188,Sabrina,Jones,1998-09-08,235000,andrewsjanet@tran.com,JAFV91500290186887,F,es_PE,343-32-6281,"83206 Brown Course Apt. 938Lake Maryside, TN 95809"
564,Linda,Malone,2006-11-12,45000,kgregory@bailey-robinson.com,KPPO16429912562657,Other,shs_CA,441-16-1846,Unit 7488 Box 4925DPO AE 21774
808,Katrina,Mckenzie,2009-08-29,135000,hbrandt@hotmail.com,SPPO02393081175065,F,sd_IN,325-16-8756,"741 Bonnie Centers Apt. 364Gutierrezside, NM 55861"
471,Brandon,Obrien,2015-09-01,215000,marissareynolds@pena.com,UTIA23421865503306,M,zh_HK,870-95-5691,"181 Candice Springs Suite 797Weissview, ND 56068"
963,Danielle,Cook,2008-09-27,240000,arnoldryan@hotmail.com,IXEX03491522884761,M,rw_RW,590-69-2730,"873 Ward Harbors Suite 530Kellerview, OH 51939"
487,Richard,Carter,1997-05-13,170000,tonistrickland@gmail.com,IQWO86970296977016,M,eo_US,848-55-9721,"2125 Tiffany HillsBriggsborough, ND 09594"
88,Adam,Ford,1976-09-09,125000,marshalllaura@lambert.com,UZHN21165476215604,Other,fo_FO,689-20-4591,"25902 John CanyonWest Amanda, SC 33772"
935,Lance,Morrow,1989-02-25,100000,williammiranda@yahoo.com,FTAV08420697604394,M,es_PR,289-79-8870,"443 Rogers KnollEast Charles, VI 50916"
516,Abigail,Flores,1999-04-20,200000,david55@gmail.com,GUHZ19511539304323,F,as_IN,579-08-3916,"45119 Heather ParksLake Ryanton, NE 17734"
92,Katrina,Ferrell,1997-10-28,230000,martinezkathy@barker-donaldson.org,LPVX59377061252492,M,ur_PK,365-58-9708,"97719 Martinez OrchardBriannaville, PA 84953"
675,Kelly,Davis,1981-06-13,90000,lortiz@gmail.com,AHUG31962386320929,M,da_DK,842-44-6056,"955 Kathleen Keys Apt. 786New Henry, ME 64286"
642,Paul,Wilson,1973-12-22,185000,barnesluke@jenkins.biz,VTSX06042932920210,Other,gd_GB,332-90-7260,"9129 Mckinney Island Apt. 247Phamview, VA 81144"
424,Kelsey,Howard,1980-08-08,235000,tiffany84@gmail.com,HQDR59054572654383,Other,ik_CA,031-52-5524,"9363 Hahn Dam Suite 013Elizabethfort, NH 46136"
84,James,Smith,2001-06-18,225000,blankenshipandrew@thomas.biz,JDBE65198505332278,M,zh_SG,610-68-8329,"82450 Bean Summit Apt. 884South Ian, ND 49618"
448,John,Beck,2005-06-13,130000,johnstonmatthew@price-robbins.com,TRGU36524185717633,Other,ro_RO,123-17-3418,"856 Regina KnollsSouth Debbieton, OR 01889"
604,Sheena,Henry,2021-12-17,175000,christina24@yahoo.com,PRED78634350253521,F,iu_CA,414-46-5520,"198 Wolfe Corner Suite 911Bakerborough, TN 82222"
17,Timothy,Vaughan,1983-02-07,160000,rosejill@hotmail.com,VXUL53352033497354,M,gu_IN,162-36-6655,"5398 Hart Extension Suite 623North Cynthiashire, SD 59232"
781,Meghan,Lambert,1973-09-11,210000,garyjenkins@friedman.biz,ZESG68903963152327,F,mai_IN,293-08-9034,"336 Kathy Hollow Suite 857West Rickyfort, DE 11867"
662,Anthony,Stephenson,2016-12-25,45000,nathansanchez@hotmail.com,ZAVI92886354543525,Other,ur_IN,155-97-2595,"0407 Aaron BrookFlemingport, DE 72021"
492,Tiffany,Dominguez,1974-04-12,210000,douglas49@salas.info,FLWW01661269910296,M,ps_AF,437-42-2656,"440 Reed Pike Apt. 694East Angela, AK 37645"
115,Jacqueline,Rodriguez,1981-10-05,180000,ayalajeremy@yahoo.com,BXZT23626837862031,F,gu_IN,322-42-3003,"PSC 9823, Box 7625APO AP 25947"
520,John,Frank,2008-11-19,120000,tylerhoward@hotmail.com,VFTA75430172617259,M,kl_GL,795-03-2367,"362 Amanda Shore Apt. 997Walterland, WV 48431"
476,Ricardo,Zavala,1977-03-25,210000,wpitts@smith.org,IADC84261797797691,Other,it_CH,828-24-1993,"3896 Robert Landing Suite 260North Scott, ID 78736"
135,Kevin,Roberts,2006-06-14,220000,crystal33@hotmail.com,GCOF15048252786724,F,zh_TW,416-04-6414,"205 Garcia ForkWest Timothytown, NY 31623"
435,Kelly,Henderson,2019-03-11,205000,figueroawilliam@hotmail.com,NUSG10878958450908,F,ne_NP,364-39-1725,"767 Krista Ridges Apt. 924Smithtown, NC 88701"
981,Carla,Riley,1992-06-19,105000,michaelvasquez@irwin.org,UOEY47602985685733,M,sq_ML,357-84-0254,"471 James Neck Suite 079Susanburgh, AK 92512"
901,Matthew,Miller,1970-09-27,250000,imartin@martin.com,LCUO06111569684281,M,ce_RU,095-51-1545,Unit 8209 Box 4125DPO AA 59773
454,Ray,Morrison,1978-02-03,90000,madelinelopez@gmail.com,XVKL59635197933822,Other,ckb_IQ,479-42-3869,"2976 Park Hills Apt. 841Port Moniqueview, CA 27820"
54,Kenneth,Johnson,1993-10-08,160000,guzmanbryan@hayes.com,FITY13532284880151,F,nan_TW,127-35-4937,"188 Patricia Walks Apt. 986Vargasport, NV 42902"
555,Michael,Sanchez,1993-06-17,90000,matthewolsen@hamilton.com,CLJA22261657153806,F,rw_RW,453-83-5633,Unit 5306 Box 2140DPO AA 61063
190,Susan,Hughes,1980-10-03,50000,vjackson@hotmail.com,VOGM32713856505556,M,as_IN,680-50-6725,"31006 Ramos Centers Apt. 449Thomasshire, DE 80425"
652,Jason,Peterson,1996-05-22,155000,shannongarcia@alexander.com,UPZN80311154836058,F,nan_TW,386-69-6908,"2123 Melissa WallNorth Eddieburgh, WY 41376"
803,Chelsea,Robinson,2015-09-12,90000,ryanrodriguez@cooper.com,UAJB39389951320648,Other,yo_NG,832-07-6548,Unit 0560 Box 1062DPO AP 84026
670,Sara,Stevens,1975-05-27,170000,beckgeorge@wade.com,RVKQ30127329753896,F,fr_CH,399-13-4983,USNV BellFPO AP 36601
727,Thomas,Richardson,1979-04-24,235000,carol48@gmail.com,DOTF53822594391453,Other,tig_ER,832-98-9381,"779 Callahan RoadsNorth Ritaview, CA 62152"
538,Albert,Garcia,2021-12-14,170000,carterrichard@cantu.net,HWVU30116743160438,F,byn_ER,109-57-4811,"9965 Mario BypassMercadohaven, PW 75660"
491,Gerald,Scott,1973-12-29,40000,desiree90@hotmail.com,NEZP25241408635086,M,ca_IT,341-94-4740,USNV WardFPO AE 70321
501,Jared,Juarez,2016-12-06,120000,mckeenicole@guzman.net,GTND55415611823683,M,nso_ZA,571-85-7499,"8807 Salazar MotorwayWest Amanda, AK 70177"
884,Vicki,Levy,2000-09-21,180000,vickitran@hotmail.com,KTUN56965953441073,Other,yi_US,283-76-7812,"2720 Kayla ViaductHollyton, VI 66811"
898,Randy,Vega,2010-03-05,80000,zwilson@yahoo.com,NFVX12775246695420,M,ckb_IQ,816-05-9820,"5355 Victoria LightJosephfort, MS 21411"
17,Samantha,Roberts,2009-09-11,215000,rojaswilliam@hotmail.com,SOWI50533638167098,Other,hak_TW,083-16-8633,"147 Samuel Skyway Apt. 842Burtonfort, DC 04554"
803,Joshua,Jones,1987-09-13,235000,johnsonjoseph@yahoo.com,JMGX56553308093498,Other,ar_AE,620-44-9860,"163 Warren Dam Apt. 814East Anthonystad, TN 13116"
